versao,n,execucoes,ok,deadlocks,total_ms_media,total_ms_dp,total_ms_min,total_ms_max,espera_media_ms,espera_max_ms_pior,max_comendo,ciclos_min,ciclos_max
V0,5,5,5,0,2025.3,0.4,2024.5,2025.5,0.000,0.003,1,20,20
V0,48,5,5,0,19435.0,0.2,19434.7,19435.2,0.000,0.000,1,20,20
V0,96,5,5,0,38870.2,0.5,38869.8,38871.0,0.000,0.000,1,20,20
V1,5,10,0,10,-,-,-,-,-,-,-,0,0
V1,48,10,0,10,-,-,-,-,-,-,-,0,0
V1,96,10,0,10,-,-,-,-,-,-,-,0,0
V2,5,5,5,0,1022.7,0.0,1022.7,1022.8,29.769,50.613,1,20,20
V2,48,5,5,0,9730.2,0.8,9729.6,9731.5,454.154,486.072,1,20,20
V2,96,5,5,0,19450.8,1.2,19448.8,19451.7,927.872,972.037,1,20,20
V3,5,5,5,0,534.7,8.4,526.6,546.8,5.003,20.370,2,20,20
V3,48,5,5,0,511.6,30.1,467.0,537.9,2.443,40.581,23,20,20
V3,96,5,5,0,532.8,15.4,508.4,549.4,3.335,50.828,44,20,20
